scale,beta,group,tensor,cosine,relative_error,bp_norm,ep_norm,ep_bp_norm_ratio
1.0,0.001,head,module.2.weight,1.0008276109644614,0.0,2.091502437906456e-06,2.091502437906456e-06,1.0
1.0,0.001,head,module.2.bias,0.9999999204100223,0.0,0.34582120180130005,0.34582120180130005,1.0
1.0,0.001,head,module.4.weight,0.9999999359763868,0.0,0.03101237677037716,0.03101237677037716,1.0
1.0,0.001,head,module.4.bias,0.9999999843489018,0.0,0.6310117840766907,0.6310117840766907,1.0
1.0,0.001,block_0/ff,base_ff.0.weight,nan,1.0,3.6575689144058288e-09,0.0,0.0
1.0,0.001,block_0/ff,base_ff.0.bias,nan,1.0,2.564080947564662e-09,0.0,0.0
1.0,0.001,block_0/drive,drive_scale,nan,1.0,3.35211147728387e-09,0.0,0.0
1.0,0.001,block_0/drn,W0,nan,1.0,8.41141272189816e-08,0.0,0.0
1.0,0.001,block_0/drn,W1,-0.015326078398943203,1.0978761687937848,1.3287335320910643e-07,5.820765736075373e-08,0.4380687019251388
1.0,0.001,block_0/drn,b0,nan,1.0,6.305798194716772e-08,0.0,0.0
1.0,0.001,block_0/drn,b1,0.00010818114240534723,1.000939938051892,1.6735140206947108e-07,7.275957170094216e-09,0.04347712107648679
1.0,0.001,block_0/drn,b2,0.008657244473489279,1.0211027826048966,1.5092712146724807e-06,3.250374618346541e-07,0.21536053869893015
1.0,0.001,block_1/ff,base_ff.0.weight,0.9123220823041815,0.9398091366016745,3.8199461371846155e-09,2.5366994615971805e-10,0.06640668141637159
1.0,0.001,block_1/ff,base_ff.0.bias,0.9783536932796288,0.9354928946903339,5.964450792816933e-06,3.938706356620969e-07,0.06603636266669188
1.0,0.001,block_1/drive,drive_scale,1.0000000059972698,0.9315837218568183,3.3521374565026463e-09,2.2934068533153606e-10,0.06841625330329142
1.0,0.001,block_1/drn,W0,0.964778628795696,0.9353798357147941,4.504424850892974e-07,3.024796413342301e-08,0.06715166782597459
1.0,0.001,block_1/drn,W1,1.0000049161117968,0.9374881224275078,4.824661914426542e-07,3.0160311581539645e-08,0.06251279802913297
1.0,0.001,block_1/drn,b0,0.9999825024106475,0.9374955575855378,0.0002653298433870077,1.658463770581875e-05,0.06250573811868025
1.0,0.001,block_1/drn,b1,0.9979984128311093,0.7320803908091129,0.0004876520542893559,0.00013100969954393804,0.26865405034508766
1.0,0.001,block_1/drn,b2,1.0000203204907663,4.1703057596313146e-07,0.01822374202311039,0.01822374202311039,1.0
1.0,0.01,head,module.2.weight,1.0008276109644614,0.0,2.091502437906456e-06,2.091502437906456e-06,1.0
1.0,0.01,head,module.2.bias,0.9999999204100223,0.0,0.34582120180130005,0.34582120180130005,1.0
1.0,0.01,head,module.4.weight,0.9999999359763868,0.0,0.03101237677037716,0.03101237677037716,1.0
1.0,0.01,head,module.4.bias,0.9999999843489018,0.0,0.6310117840766907,0.6310117840766907,1.0
1.0,0.01,block_0/ff,base_ff.0.weight,0.5914475589428897,0.839738417867749,3.6575689144058288e-09,3.0208080481486377e-09,0.8259059825915454
1.0,0.01,block_0/ff,base_ff.0.bias,-0.8049216278300051,9.903186412684756,2.564080947564662e-09,2.3283064365386963e-08,9.080471654961197
1.0,0.01,block_0/drive,drive_scale,1.000000015324101,0.4303545680051254,3.35211147728387e-09,1.9095149905723474e-09,0.5696454319948746
1.0,0.01,block_0/drn,W0,nan,1.0,8.41141272189816e-08,0.0,0.0
1.0,0.01,block_0/drn,W1,-0.011761866246692483,1.2793373697117185,1.3287335320910643e-07,1.0447335796470725e-07,0.7862626737529131
1.0,0.01,block_0/drn,b0,nan,1.0,6.305798194716772e-08,0.0,0.0
1.0,0.01,block_0/drn,b1,0.01190438958988369,1.1131497240051806,1.6735140206947108e-07,8.384801475358472e-08,0.501029652077714
1.0,0.01,block_0/drn,b2,0.12188538207597789,0.9926592892723467,1.5092712146724807e-06,2.067562121510491e-07,0.13699076093220014
1.0,0.01,block_1/ff,base_ff.0.weight,0.9987053254813718,0.9376099339739313,3.8199461371846155e-09,2.386562891754096e-10,0.062476349300386876
1.0,0.01,block_1/ff,base_ff.0.bias,0.9997844554109616,0.9372483124765648,5.964450792816933e-06,3.7436538491419924e-07,0.06276611173740462
1.0,0.01,block_1/drive,drive_scale,0.9999999840787258,0.9356065255385536,3.3521374565026463e-09,2.1585583320771207e-10,0.06439349102137323
1.0,0.01,block_1/drn,W0,0.9684936144730326,0.9353805928825224,4.504424850892974e-07,3.012342020269898e-08,0.06687517541052372
1.0,0.01,block_1/drn,W1,1.0000051503261522,0.9374881813367328,4.824661914426542e-07,3.0160308028825966e-08,0.06251279066547984
1.0,0.01,block_1/drn,b0,1.0000000837420508,0.937500164533869,0.0002653298433870077,1.6583124306635e-05,0.06250003427788937
1.0,0.01,block_1/drn,b1,0.9979982891804099,0.7320814053954627,0.0004876520542893559,0.00013100920477882028,0.26865303575873783
1.0,0.01,block_1/drn,b2,1.0000202328562822,1.1415332909437108e-07,0.01822374202311039,0.01822374202311039,1.0
2.0,0.001,head,module.2.weight,1.0018449703704262,0.0,2.634364761888719e-07,2.634364761888719e-07,1.0
2.0,0.001,head,module.2.bias,1.0000000371732802,0.0,0.36588945984840393,0.36588945984840393,1.0
2.0,0.001,head,module.4.weight,0.9999999916795922,0.0,0.02370196394622326,0.02370196394622326,1.0
2.0,0.001,head,module.4.bias,0.9999999896027663,0.0,0.6262223720550537,0.6262223720550537,1.0
2.0,0.001,block_0/ff,base_ff.0.weight,nan,1.0,5.200639918712113e-10,0.0,0.0
2.0,0.001,block_0/ff,base_ff.0.bias,nan,1.0,2.980704849608884e-10,0.0,0.0
2.0,0.001,block_0/drive,drive_scale,nan,1.0,1.2385144299020823e-10,0.0,0.0
2.0,0.001,block_0/drn,W0,nan,1.0,1.9631331227287774e-08,0.0,0.0
2.0,0.001,block_0/drn,W1,-0.0026790054640084054,1.119024485358809,1.5013604581781692e-08,7.499885157358221e-09,0.49953927562865097
2.0,0.001,block_0/drn,b0,nan,1.0,1.955075035198206e-08,0.0,0.0
2.0,0.001,block_0/drn,b1,-0.009356339845178864,1.248647657870545,6.79166376471585e-08,5.015277437792065e-08,0.7384460732357669
2.0,0.001,block_0/drn,b2,0.004684324833351375,1.0183024261786318,4.082291695794993e-07,8.039641130608288e-08,0.19693940878574662
2.0,0.001,block_1/ff,base_ff.0.weight,0.963767437989292,0.9337262907878502,2.4998261793918175e-10,1.7237131860747823e-11,0.0689533216463132
2.0,0.001,block_1/ff,base_ff.0.bias,0.9963441343809758,0.9370864508378358,2.9222428565844893e-06,1.8456873362993065e-07,0.06315995715895227
2.0,0.001,block_1/drive,drive_scale,0.9999999791356469,0.9492622751069318,1.238602970188296e-10,6.28439531316638e-12,0.050737770410892905
2.0,0.001,block_1/drn,W0,0.7013735196766228,0.9392825183566075,3.8569840654645304e-08,3.4587450681300425e-09,0.089674860186737
2.0,0.001,block_1/drn,W1,1.00024568397468,0.9375015949653306,4.705498923840423e-08,2.941367815978424e-09,0.06250915925356981
2.0,0.001,block_1/drn,b0,0.9999988024321035,0.937499982341249,0.00015451172657776624,9.65701383393025e-06,0.06250020013251127
2.0,0.001,block_1/drn,b1,0.998074266230064,0.7309927214862909,0.00027238830807618797,7.346820348175243e-05,0.2697186380745943
2.0,0.001,block_1/drn,b2,1.000053567248861,1.412336564210052e-07,0.013303561136126518,0.013303562067449093,1.0000000700055094
2.0,0.01,head,module.2.weight,1.0018449703704262,0.0,2.634364761888719e-07,2.634364761888719e-07,1.0
2.0,0.01,head,module.2.bias,1.0000000371732802,0.0,0.36588945984840393,0.36588945984840393,1.0
2.0,0.01,head,module.4.weight,0.9999999916795922,0.0,0.02370196394622326,0.02370196394622326,1.0
2.0,0.01,head,module.4.bias,0.9999999896027663,0.0,0.6262223720550537,0.6262223720550537,1.0
2.0,0.01,block_0/ff,base_ff.0.weight,nan,0.9999909271783312,5.200639918712113e-10,3.488025094992332e-14,6.706915205650513e-05
2.0,0.01,block_0/ff,base_ff.0.bias,0.11045114772428767,0.9947734083636827,2.980704849608884e-10,4.547473508864641e-11,0.15256369678672957
2.0,0.01,block_0/drive,drive_scale,nan,0.999821949552672,1.2385144299020823e-10,2.204852342097951e-14,0.00017802395263753754
2.0,0.01,block_0/drn,W0,nan,1.0,1.9631331227287774e-08,0.0,0.0
2.0,0.01,block_0/drn,W1,0.0019661925871919603,1.3701629265249928,1.5013604581781692e-08,1.4092325528736183e-08,0.9386370509475493
2.0,0.01,block_0/drn,b0,nan,1.0,1.955075035198206e-08,0.0,0.0
2.0,0.01,block_0/drn,b1,0.01894083833786278,1.1189750353013475,6.79166376471585e-08,3.541167359344399e-08,0.5213990977794755
2.0,0.01,block_0/drn,b2,0.17057099277106721,0.9860602938589196,4.082291695794993e-07,5.4307083274807155e-08,0.13303087413069167
2.0,0.01,block_1/ff,base_ff.0.weight,0.9996545492300503,0.9378509450819973,2.4998261793918175e-10,1.5541925385553768e-11,0.06217202425384217
2.0,0.01,block_1/ff,base_ff.0.bias,0.9999680316617089,0.9375248207305231,2.9222428565844893e-06,1.8257387068842945e-07,0.06247730926163384
2.0,0.01,block_1/drive,drive_scale,1.000000035233669,0.9357360022184688,1.238602970188296e-10,7.959758720199606e-12,0.06426400478427352
2.0,0.01,block_1/drn,W0,0.7011067183317444,0.9392746889059909,3.8569840654645304e-08,3.4607940957442906e-09,0.08972798531195064
2.0,0.01,block_1/drn,W1,1.0002454574494906,0.9375015949653306,4.705498923840423e-08,2.9413684821122388e-09,0.06250917341006683
2.0,0.01,block_1/drn,b0,0.9999999003974082,0.937499982341249,0.00015451172657776624,9.656970178184565e-06,0.06249991759249536
2.0,0.01,block_1/drn,b1,0.9980746476257364,0.730992133828661,0.00027238830807618797,7.346831262111664e-05,0.26971903875025094
2.0,0.01,block_1/drn,b2,1.000053567248861,9.517978741173573e-08,0.013303561136126518,0.013303562067449093,1.0000000700055094
4.0,0.001,head,module.2.weight,1.0050245802023616,0.0,4.0660768974021266e-08,4.0660768974021266e-08,1.0
4.0,0.001,head,module.2.bias,0.9999999729364742,0.0,0.3451355993747711,0.3451355993747711,1.0
4.0,0.001,head,module.4.weight,0.9999998960665483,0.0,0.01566709205508232,0.01566709205508232,1.0
4.0,0.001,head,module.4.bias,0.9999999345522926,0.0,0.6322246193885803,0.6322246193885803,1.0
4.0,0.001,block_0/ff,base_ff.0.weight,nan,1.0,2.997564002571451e-11,0.0,0.0
4.0,0.001,block_0/ff,base_ff.0.bias,nan,1.0,2.8762285955719058e-11,0.0,0.0
4.0,0.001,block_0/drive,drive_scale,nan,1.0,3.0636104764170113e-11,0.0,0.0
4.0,0.001,block_0/drn,W0,nan,1.0,9.710996451417486e-10,0.0,0.0
4.0,0.001,block_0/drn,W1,0.0011764979089127418,1.0736453171496494,2.6740634151423137e-09,1.0481407963780498e-09,0.39196557211126115
4.0,0.001,block_0/drn,b0,nan,1.0,7.984149452688882e-10,0.0,0.0
4.0,0.001,block_0/drn,b1,0.002817714862169465,1.3314131256629589,4.61240068361235e-09,4.067383763128873e-09,0.8818366057355128
4.0,0.001,block_0/drn,b2,0.01666202316791932,1.000868395333526,9.784334054074861e-08,6.022577547781793e-09,0.06155326989549772
4.0,0.001,block_1/ff,base_ff.0.weight,0.9822411950685117,0.9385037409143088,3.513764973428479e-11,2.202536980924763e-12,0.06268310480583127
4.0,0.001,block_1/ff,base_ff.0.bias,0.9948416487259794,0.9382265741724292,6.813277195760747e-07,4.2320671411744115e-08,0.0621150001618549
4.0,0.001,block_1/drive,drive_scale,1.0000000206792583,0.935920557175618,3.06360839474884e-11,1.9631429728356187e-12,0.06407943574643979
4.0,0.001,block_1/drn,W0,0.9007211146524551,0.9351617688962771,6.943110530954755e-09,5.039457739997033e-10,0.07258213328924279
4.0,0.001,block_1/drn,W1,1.001917592080046,0.9374882475648485,7.571569149433799e-09,4.73264483158431e-10,0.06250546931791828
4.0,0.001,block_1/drn,b0,0.9999973125773308,0.9374995409938802,4.161031392868608e-05,2.6006996449723374e-06,0.06250132237477352
4.0,0.001,block_1/drn,b1,0.9987892534511952,0.7420380404088004,9.668542043073103e-05,2.4981987735372968e-05,0.25838422819158113
4.0,0.001,block_1/drn,b2,1.0000374736177982,1.4929642440684582e-07,0.009279097430408001,0.009279097430408001,1.0
4.0,0.01,head,module.2.weight,1.0050245802023616,0.0,4.0660768974021266e-08,4.0660768974021266e-08,1.0
4.0,0.01,head,module.2.bias,0.9999999729364742,0.0,0.3451355993747711,0.3451355993747711,1.0
4.0,0.01,head,module.4.weight,0.9999998960665483,0.0,0.01566709205508232,0.01566709205508232,1.0
4.0,0.01,head,module.4.bias,0.9999999345522926,0.0,0.6322246193885803,0.6322246193885803,1.0
4.0,0.01,block_0/ff,base_ff.0.weight,nan,1.0,2.997564002571451e-11,0.0,0.0
4.0,0.01,block_0/ff,base_ff.0.bias,nan,1.0,2.8762285955719058e-11,0.0,0.0
4.0,0.01,block_0/drive,drive_scale,nan,1.0,3.0636104764170113e-11,0.0,0.0
4.0,0.01,block_0/drn,W0,-0.007310315394458006,1534.4702435883482,9.710996451417486e-10,1.4901161193847656e-06,1534.4626340248096
4.0,0.01,block_0/drn,W1,-2.4915940868556118e-05,1.31826067634312,2.6740634151423137e-09,2.2968538182510656e-09,0.8589376771114559
4.0,0.01,block_0/drn,b0,nan,1.0,7.984149452688882e-10,0.0,0.0
4.0,0.01,block_0/drn,b1,0.0027905332397540872,2.30208980124883,4.61240068361235e-09,9.576941906175307e-09,2.076346476185763
4.0,0.01,block_0/drn,b2,0.05874105923440186,1.0028569610985325,9.784334054074861e-08,1.511810054921625e-08,0.15451333187995608
4.0,0.01,block_1/ff,base_ff.0.weight,0.9998002363987852,0.9375471600864872,3.513764973428479e-11,2.1949139554500174e-12,0.06246615729988276
4.0,0.01,block_1/ff,base_ff.0.bias,0.9999386073228667,0.9374857125503627,6.813277195760747e-07,4.259545249851726e-08,0.0625183025358492
4.0,0.01,block_1/drive,drive_scale,1.0000000150804953,0.937111180317658,3.06360839474884e-11,1.926668026508427e-12,0.06288884799411115
4.0,0.01,block_1/drn,W0,0.900929652332152,0.9351696361155253,6.943110530954755e-09,5.037814609920588e-10,0.07255846767036607
4.0,0.01,block_1/drn,W1,1.0019175941792935,0.9374883062170514,7.571569149433799e-09,4.732643721361285e-10,0.06250545465486756
4.0,0.01,block_1/drn,b0,1.0000008958680802,0.937500327861514,4.161031392868608e-05,2.6006603093264857e-06,0.06250037704074121
4.0,0.01,block_1/drn,b1,0.9987892068483264,0.742037965154873,9.668542043073103e-05,2.4981965907500125e-05,0.2583840024297988
4.0,0.01,block_1/drn,b2,1.0000374736177982,1.1477519221405468e-07,0.009279097430408001,0.009279097430408001,1.0
